{"cameraMode":{"drawMode":0,"name":"Shaded","section":"Shading Mode"},"sceneLighting":false,"audioPlay":false,"sceneViewState":{"m_AlwaysRefresh":false,"showFog":true,"showSkybox":false,"showFlares":true,"showImageEffects":true,"showParticleSystems":true,"showVisualEffectGraphs":true,"m_FxEnabled":false},"in2DMode":false,"pivot":{"x":0.0398256778717041,"y":0.9268091917037964,"z":-0.047635287046432498},"rotation":{"x":-0.04429182410240173,"y":-0.9475921988487244,"z":0.2962692379951477,"w":-0.12141269445419312},"size":1.2527074813842774,"orthographic":true}