{"cameraMode":{"drawMode":0,"name":"Shaded","section":"Shading Mode"},"sceneLighting":true,"audioPlay":false,"sceneViewState":{"m_AlwaysRefresh":false,"showFog":true,"showSkybox":false,"showFlares":true,"showImageEffects":true,"showParticleSystems":true,"showVisualEffectGraphs":true,"m_FxEnabled":true},"in2DMode":false,"pivot":{"x":8.733081817626954,"y":-14.862812995910645,"z":12.549398422241211},"rotation":{"x":0.5009141564369202,"y":-0.3102293908596039,"z":0.19903109967708589,"w":0.7839856147766113},"size":1.2092751264572144,"orthographic":true}