{"cameraMode":{"drawMode":0,"name":"Shaded","section":"Shading Mode"},"sceneLighting":false,"audioPlay":false,"sceneViewState":{"m_AlwaysRefresh":false,"showFog":true,"showSkybox":false,"showFlares":true,"showImageEffects":true,"showParticleSystems":true,"showVisualEffectGraphs":true,"m_FxEnabled":true},"in2DMode":false,"pivot":{"x":-3.7576193809509279,"y":11.025808334350586,"z":-6.230003356933594},"rotation":{"x":0.033336859196424487,"y":-0.016579076647758485,"z":-0.00048414032789878547,"w":0.9999231696128845},"size":2.1773228645324709,"orthographic":true}