{"cameraMode":{"drawMode":0,"name":"Shaded","section":"Shading Mode"},"sceneLighting":false,"audioPlay":false,"sceneViewState":{"m_AlwaysRefresh":false,"showFog":true,"showSkybox":false,"showFlares":true,"showImageEffects":true,"showParticleSystems":true,"showVisualEffectGraphs":true,"m_FxEnabled":true},"in2DMode":false,"pivot":{"x":-1.1481900215148926,"y":8.12619400024414,"z":3.753389835357666},"rotation":{"x":0.00006932757241884246,"y":1.0005348920822144,"z":0.013198323547840119,"w":0.0064101205207407478},"size":1.5353127717971802,"orthographic":true}