{"cameraMode":{"drawMode":0,"name":"Shaded","section":"Shading Mode"},"sceneLighting":true,"audioPlay":false,"sceneViewState":{"m_AlwaysRefresh":false,"showFog":true,"showSkybox":false,"showFlares":true,"showImageEffects":true,"showParticleSystems":true,"showVisualEffectGraphs":true,"m_FxEnabled":true},"in2DMode":false,"pivot":{"x":-43.040000915527347,"y":-1065.0003662109375,"z":26.62000274658203},"rotation":{"x":0.16604676842689515,"y":0.02551245130598545,"z":-0.005492587573826313,"w":0.9863753318786621},"size":57.7830810546875,"orthographic":true}