{"cameraMode":{"drawMode":0,"name":"Shaded","section":"Shading Mode"},"sceneLighting":false,"audioPlay":false,"sceneViewState":{"m_AlwaysRefresh":false,"showFog":true,"showSkybox":false,"showFlares":true,"showImageEffects":true,"showParticleSystems":true,"showVisualEffectGraphs":true,"m_FxEnabled":true},"in2DMode":false,"pivot":{"x":56.87805938720703,"y":62.58739471435547,"z":-110.38668823242188},"rotation":{"x":-0.037997424602508548,"y":-0.3386165201663971,"z":0.014991572126746178,"w":-0.9408674240112305},"size":10.427891731262207,"orthographic":false}