{"cameraMode":{"drawMode":0,"name":"Shaded","section":"Shading Mode"},"sceneLighting":false,"audioPlay":false,"sceneViewState":{"m_AlwaysRefresh":false,"showFog":true,"showSkybox":false,"showFlares":true,"showImageEffects":true,"showParticleSystems":true,"showVisualEffectGraphs":true,"m_FxEnabled":true},"in2DMode":false,"pivot":{"x":-13.301628112792969,"y":-0.020311355590820314,"z":-7.064084529876709},"rotation":{"x":0.2111775279045105,"y":-0.21166940033435822,"z":0.048834409564733508,"w":0.9537909626960754},"size":8.58293342590332,"orthographic":true}