{"cameraMode":{"drawMode":0,"name":"Shaded","section":"Shading Mode"},"sceneLighting":true,"audioPlay":false,"sceneViewState":{"m_AlwaysRefresh":false,"showFog":true,"showSkybox":false,"showFlares":true,"showImageEffects":true,"showParticleSystems":true,"showVisualEffectGraphs":true,"m_FxEnabled":true},"in2DMode":false,"pivot":{"x":-0.5799999237060547,"y":-12.315003395080567,"z":0.17500019073486329},"rotation":{"x":-0.06232922151684761,"y":-0.5506728291511536,"z":0.045678719878196719,"w":-0.8319129943847656},"size":1.3002331256866456,"orthographic":true}