{"cameraMode":{"drawMode":0,"name":"Shaded","section":"Shading Mode"},"sceneLighting":true,"audioPlay":false,"sceneViewState":{"m_AlwaysRefresh":false,"showFog":true,"showSkybox":true,"showFlares":true,"showImageEffects":true,"showParticleSystems":true,"showVisualEffectGraphs":true,"m_FxEnabled":false},"in2DMode":false,"pivot":{"x":3.0225815773010256,"y":12.970202445983887,"z":1.5496606826782227},"rotation":{"x":0.09580633789300919,"y":0.03397409990429878,"z":-0.0031805916223675014,"w":0.9948815107345581},"size":3.034433126449585,"orthographic":false}